Influencer (en),Influencer (ar),رخصة موثوق,رابط الاستعلام,
Faisal Alsaif,فيصل السيف,TRUE,,
Arwa Oe,اروى او,TRUE,,
Salmani,سلماني,FALSE,لا يوجد ترخيص,
The Inspiring Nouf,انسبايرنق نوف,TRUE,,
Fatimah Barifah,فاطمه بارفعه,TRUE,,
Anood Almanama,عنود المنامه,FALSE,لا يوجد ترخيص,
Chef Aziz,شيف عزيز,TRUE,,
Blogger Shahad,شهد بلوقر,TRUE,,
Jawlati,جولاتي,TRUE,,
Ayar 2030,ايار 2030,FALSE,لا يوجد ترخيص,
Amira Abdulsalam,اميره عبدالسلام,TRUE,,
Abeer1817,عبير 1817,FALSE,لا يوجد ترخيص,
Anas Altmimi,أنس التميمي,TRUE,,
Hamad Alzlfawi,حمد الزلفاوي,TRUE,,
Joud Alanzi,جود العنزي,TRUE,,
Faisal Alyami,فيصل اليامي,TRUE,,
trendnews24,ترند نيوز,TRUE,,
Sara Alghilan,ساره الغيلان,TRUE,,
Abduh Said,عبده سيد,TRUE,,
Waad Alturki,وعد التركي,TRUE,,
mema Alharbi,ميما الحربي,TRUE,,
Fouz Mohammed,فوز محمد,FALSE,,
Mahdi Alsaloom,مهدي السلوم,TRUE,,
Muhammad Alghamdi,محمد الغامدي,TRUE,,
Fawaz Abu Alnour,فواز ابو النور,TRUE,,
Agsan,اغصان,TRUE,,
Haifa om Nawaf,هيفاء ام نواف,TRUE,,
Malak Alhussaini,ملاك الحسيني,TRUE,,
Ashtar,عشتار,TRUE,,
Abrar Abdullah,ابرار عبدالله,TRUE,,
Seeta 0,صيتا,TRUE,,
Jasmine Girl,فتاه الياسمين,TRUE,,
Trend Fashion,ترند فاشن,TRUE,,
Om sarah,ام ساره,TRUE,,
Qmis,قميص,TRUE,,
Abo hamdan,ابو حمدان,TRUE,,
Sara Rabeea,ساره ربيع,FALSE,لا يوجد ترخيص,
Abbas abo Camelia,عباس ابو كاميليا,TRUE,,
Yoosha Alsyari,يوشا السياري,TRUE,,
Renad,ريناد,TRUE,,
Meshael Althmaly,مشاعل الثمالي,TRUE,,
Zina Emad,زينه عماد,TRUE,,
Vancy,فانسي,FALSE,لا يوجد ترخيص,
Mohammad Albashiri,محمد البشيري,TRUE,,
Afnan Am Albnat,افنان ام البنات,TRUE,,
Dr Lamar,دكتوره لمار,TRUE,,
Fayez Almaliki,فايز المالكي,TRUE,,
Areej Alenezi,اريج العنزي,FALSE,تحت الاجراء,
Asma Alsyari,اسماء السياري,TRUE,,
Style Nour,ستايل نور,TRUE,,
Ghdeer A,غدير,TRUE,,
Nrnr,نرنر,TRUE,,
Noha X,نهى اكس,FALSE,تحت الاجراء,
Rosa,روزا,FALSE,لا يوجد ترخيص,
Reem Najem,ريم نجم,FALSE,لا يوجد ترخيص,
Riyadh restaurants.,مطاعم الرياض,FALSE,لا يوجد ترخيص,
Roaa Alsabban,رؤى الصبان,FALSE,لا يوجد ترخيص,
Bibi Alabdulmohsen,بيبي عبدالمحسن,FALSE,لا يوجد ترخيص,
Hussain,حسين,FALSE,لا يوجد ترخيص,
Mina AlSheikhly,مينا الشيخلي,FALSE,لا يوجد ترخيص,
Saudi Offers,عروض السعوديه,FALSE,لا يوجد ترخيص,
Niels Alriyadh,نيلز الرياض,TRUE,,
Rawan Alharbi,روان الحربي,TRUE,,
Aljaddah,الجده,TRUE,,
Siham 0,سهام,TRUE,,
Ajooba Shoppinf,اعجوبه شوبنق,FALSE,لا يوجد ترخيص,
Saad Aldhawi,سعد الضاوي,TRUE,,
Aziz Karl,عزيز كارل,FALSE,لا يوجد ترخيص,
Asal Makeup,اصال ميكب,TRUE,,
Khiryah Abo Labn,خيريه ابو لبن,TRUE,,
Asma Almutairy,اسماء المطيري,FALSE,لا يوجد ترخيص,
Alharaj Alsaudi,الحراج السعودي,FALSE,لا يوجد ترخيص,
Almaha,المها,TRUE,,
Asma Alshamri,اسماء الشمري,TRUE,,
Elyas Raheem,الياس رحيم,TRUE,,
Faaliat Jeddah,فعاليات جده,TRUE,,
Maram Decor,مرام ديكور,TRUE,,
Jawlat fi Albatha,جولات في البطحاء,TRUE,,
Abdullah Alhussain,عبدالله الحسين,TRUE,,
Lamia Abdulaziz,لمياء عبدالعزيز,FALSE,,
Alobed,العوبد,TRUE,,
Arjwan Mlebary,ارجوان مليباري,TRUE,,
Adwaa Aldakhil,اضواء الدخيل,TRUE,,
Bella Jazz,بيلا جاز,TRUE,,
Hiba Alyousef,هبه اليوسف,TRUE,,
Mansour Alkhobar,منصور الخبر,TRUE,,
Saga Alqhtani,سجى القحطاني,TRUE,,
Darin Albayed,دارين البايض,FALSE,,
Azza Zarour,عزه زعرور,FALSE,,
Muadh Mansur,معاذ المنصور,TRUE,,
Haneen Bashniny,حنين باشنينى,FALSE,,
Homes and more,بيوت واكثر,FALSE,,
Wadha Media,وضحى,FALSE,,
Rania Abdullah,رانيا عبدالله,FALSE,,
Nisreen Tafesh,نسرين طافش,FALSE,,
Hanouf Coffee,هنوف كوفي,FALSE,,
Elham Alhyah,الهام الحياة,FALSE,,
Aseel Omran,اسيل عمران,FALSE,,
Fayruz,فيروز,FALSE,,
Abdulaziz Aloqla,عبدالعزيز العقلا,TRUE,,
Mohammed bin Shakhbut,محمد بن شخبوط,TRUE,,
Lulu,لولو,FALSE,,
Sultan bin Abdulatif,سلطان بن عبداللطيف,TRUE,,
Abdullah Alabdali,عبدالله العبدلي,TRUE,,
Bin Baz,بن باز,FALSE,,
Basilx,باسل,TRUE,,
Faris Alrokibh,فارس الرقيبه,TRUE,,
Dekaa Design,دقه ديزاين,FALSE,,
hayaa Abdulsalam,هيا عبدالسلام,FALSE,,
Hanan Bilal,حنان بلال,FALSE,,
Asooma Chef,الشيف اسومه,TRUE,,
Dalya Najar,داليا نجار,FALSE,,
Abdullah Altmimi,عبدالله التميمي,TRUE,,
Jazan Now,جازان الان,FALSE,,
Mshary Alotaibi,مشاري العتيبي,TRUE,,
Meajb,معجب,TRUE,,
Fatimah Alansari,فاطمه الانصاري,TRUE,,
Maryam Osamah,مريم اسامه,FALSE,,
Maya majed,مايا ماجد,FALSE,,
Badran,بدران,FALSE,تحت الاجراء,
Tala Alsabe,تالا السبع,FALSE,,
Hisham Alhuwaish,هشام الهويش,TRUE,,
Riyadh Noura,شمال الرياض,FALSE,,
Ywmyat Beauty,يوميات بيوتي,FALSE,,
Nour Arida,نور عريضه,FALSE,,
fahad alzahrani,فهد الزهراني,TRUE,,
Abdulaziz Akrm,عبدالعزيز اكرم,TRUE,,
Ragad,رغد,FALSE,,
Abdulaziz Aldhubyani,عبدالعزيز الذبياني,TRUE,,
Mila Alzahrani,ميلا الزهراني,TRUE,,
Leila Mourad,ليلى مراد,FALSE,,
Abu Aluah,ابو علوه,FALSE,,
Majid Almuhaimid,ماجد المحيميد,TRUE,,
Khulud Alamri,خلود العمري,TRUE,,
Talal Sam,طلال سام,FALSE,,
Mshary 999,مشاري 999,FALSE,,
Yasmeena Dot Com,ياسمينا دوت كوم,FALSE,,
Rayan Jailer,ريان جيلر,TRUE,,
Sami Alshibani,سامي الشيباني,TRUE,,
Hanan Sharaf,حنان شرف,TRUE,,
Bandrita,بندريتا,TRUE,,
Bandar bin Nawaf,بندر بن نواف,TRUE,,
Tahani Alsultan,تهاني السلطان,TRUE,,
Elie Saab,ايلي صعب,FALSE,,
Ali Al Habsi,علي الحبسي,FALSE,,
Jado Saif,جدو سيف,TRUE,,
Osama Alrashed,اسامه الراشد,TRUE,,
Rawan Alrifai,روان الرفاعي,FALSE,,
Lorin issa,لورين عيسى,FALSE,,
Ayman Alsharif,ايمن الشريف,TRUE,,
Bashar Arabi,بشار عربي,FALSE,,
Zied Alswaida,زيد السويدا,TRUE,,
Yasmine Sabry,ياسمين صبري,FALSE,,
Maha Mansour,مها منصور,TRUE,,
Gharam Alhakmi,غرام الحكمي,FALSE,,
Samer Alkhal,سامر الخال,FALSE,,
Nouf Alhijaz,نوف الحجاز,TRUE,,
Rahaf 6,رهف 6,FALSE,,
Sasha,ساشا,FALSE,,
Sara Bukharia,ساره بخاري,FALSE,,
Salman Bin Hthleen,سلمان بن حثلين,TRUE,,
Captin Reema,كابتن ريما,FALSE,,
Ellham Aldomari,الهام الدومري,TRUE,,
ayesh,عايش,TRUE,,
Abdusalam Alshahrani,عبدالسلام الشراري,TRUE,,
Abdulaziz Kitchen,مطبخ عبدالعزيز,TRUE,,
hamodca,حمودكا,FALSE,,
Shaheen Dyala,شاهين ديالا,TRUE,,
Raton Sultan,رتون سلطان,TRUE,,
Fayz Aldossary,فايز الدوسري,FALSE,,
Ghazi Almutiri,غازي المطيري,TRUE,,
Fahad Bin Fasla,فهد بن فصلا,FALSE,تحت الاجراء,
Ziad Bin nehet,زياد بن نحيت,TRUE,,
Abdurahman Fearful,عمر فيرفل,TRUE,,
By Naif,نايف,TRUE,,
Bandar bin Aweer,بندر بن عوير,TRUE,,
Riyadh Alkhalid,رياض الخالد,TRUE,,
Khattafya,خطافيه,FALSE,لا يملك,
Mohammed Diary,محمد دايري,FALSE,لا يملك,
Saad Albrahiim,سعد البراهيم,TRUE,,
Alaa Abdullah,الاء عبدالله,FALSE,لا يملك,
Altaif Soot w Sorah,الطايف صوت وصوره l جمال الربيعي,TRUE,,
Adel Radwan,عادل رضوان,TRUE,,
amriki flood,امريكي فلود,TRUE,,
Fatenah Henaidy,فاتنة هنيدي,TRUE,,
Alanoud Nasser,العنود ناصر,TRUE,,
Malak Aldawood,ملاك الداوود,TRUE,,
Ali Almeshal,علي المشعل,TRUE,,
Ahmad Khmees,احمد خميس,FALSE,لا يملك,
Paco Alassaf,باكو,TRUE,,
Marietta,ماريتا,FALSE,لا يملك,
Malak Almusslim,ملاك المسلم,TRUE,,
Barbie,شجرة الدر,FALSE,لا يملك,
Issa Asiri,عيسى عسيري,TRUE,,
Fayes Bin Jurays,فايز بن جريس,TRUE,,
Saif Alqhtani,سيف القحطاني,TRUE,,
Mansak,منساك,FALSE,لا يملك,
abo odah,ابو عوده,TRUE,,
Zobayda,زبيده بنكيران,TRUE,,
Mohamed Shayef,محمد شايف,FALSE,لا يملك,
Georgina Rodriguez,جورجينا,FALSE,لا يملك,
Maram Fashion,مرام فاشن,FALSE,لا يملك,
Abdullah Albarqawy,عبدالله البرقاوي,TRUE,,
Glitter,قليتر,TRUE,,
Saud Alqhatni,سعود القحطاني,TRUE,,
Abo Sen,ابو سن,FALSE,لا يملك,
Arwa Humaidan Alturki,اروى حميدان التركي,TRUE,,
Majed Alfahad,ماجد الفهد,TRUE,,
Slman Alotaibi,سلمان العتيبي,TRUE,,
Badr Alzaidan,بدر ال زيدان l بدر الغامدي,TRUE,,
Lama Alshareef,لمى الشريف,TRUE,,
Dego,ديقو,TRUE,,
Hay almurawij,حي المروج,TRUE,,
Afnan Alfadl,افنان الفضل,TRUE,,
Saud Alblwi,سعود البلوي,FALSE,لا يملك,
Najwa Alfadhli,نجوى الفضلي,FALSE,لا يملك,
faris hakmi,فارس حكمي,TRUE,,
Samood,صمود,FALSE,لا يملك,
Azoz Waw,عزوز واو,TRUE,,
Sara Alomrani,ساره العمراني,FALSE,لا يملك,
Jood Almutiri,جود العزيز,FALSE,لا يملك,
Jihan Tabuk,جيهان تبوك,TRUE,,
Bassaem,بسيم,TRUE,,
Lama Alaqeel,لمى العقيل,TRUE,,
Wala heart,ولاء هارت,TRUE,,
Noha Alnamlah,نهى النمله,TRUE,,
Theep Alotaibi,ذيب العتيبي,TRUE,,
Adnan,عدنان الأنصاري,FALSE,,
Wrdiii,وردي,TRUE,,
Baseet,بسيط,TRUE,,
Sarah hmiladd,ساره,FALSE,,
Taghreed Mohammed,تغريد محمد,TRUE,,
Ghadah Aleidi,غاده العيدي,TRUE,,
Zori Ashkanani,زوري اشكناني,FALSE,,
Alreem Beauty,الريم للجمال الطبيعي,TRUE,,
Style Najla,ستايل نجلا,TRUE,,
Hussam shammaa,حسام شماع,TRUE,,
Ghada Altakhim,غاده الطخيم,TRUE,,
Nada Baeshen,ندى باعشن,TRUE,,
Nuha Nabil,نهى نبيل,TRUE,,
Majdoleen Bandar,مجدولين بنت بندر,TRUE,,
Barjas Albarjas,برجس البرجس,TRUE,,
Reem Alarada,ريم العراده,FALSE,,
Hamd Alrusini,حمد الرسيني,TRUE,,
Maysa Al Ali,مايسه العلي,TRUE,,
Tnseqat Latoof,تنسيقات لطوف,FALSE,,
Thuraya,ثريا,FALSE,,
Dahran,دهران,TRUE,,
Lulu albedaiwi,لولو البديوي,TRUE,,
Abdulah Alahmad,عبدالله الاحمد,FALSE,,
Mohamad Aldokhi,محمد الدوخي,TRUE,,
Reema Almutairi,ريما المطيري,FALSE,,
Maram Mansour,مرام منصور,TRUE,,
Youmi,يومي,FALSE,,
Hind Alqahtani,هند القحطاني l هند البسامي,FALSE,,
Eman Faisal,ايمان فيصل,FALSE,,
Badoor Albrahim,بدور البراهيم,TRUE,,
Ghalyah Nashar,غاليه نشار,TRUE,,
Aljawhara shopping,الجوهره شوبنق,FALSE,,
Bassam Fatiny,بسام فتيني,TRUE,,
Aziz Mesmar,عزيز مسمار,TRUE,,
Redwan Aljelwah,رضوان الجلواح,TRUE,,
Bilsan Bee,بيلسان بي,TRUE,,
Muhannad Aljardan,مهند الجردان,TRUE,,
Mohammed Alblwi,محمد البلوي,TRUE,,
Jehad Alobaid,جهاد العبيد,TRUE,,
Njm,نجم,FALSE,,
Abo Fahd,ابو فهد,TRUE,,
Abo jfeen,ابو جفين,TRUE,,
Majed Alshhrani,ماجد الشهراني,TRUE,,
Salmani,سلماني,FALSE,,
The Inspiring Nouf,انسبايرنق نوف,TRUE,,
Fatimah Barifah,فاطمه بارفعه,TRUE,,
Anood Almanama,عنود المنامه,FALSE,,
Ayar 2030,ايار 2030,FALSE,,
Abeer1817,عبير 1817,FALSE,,
Anas Altmimi,أنس التميمي,TRUE,,
Joud Alanzi,جود العنزي,TRUE,,
Sara Alghilan,ساره الغيلان,TRUE,,
Abduh Said,عبده سيد,TRUE,,
Mahdi Alsaloom,مهدي السلوم,TRUE,,
Seeta 0,صيتا,TRUE,,
Sara Rabeea,ساره ربيع,FALSE,,
Abbas abo Camelia,عباس ابو كاميليا,TRUE,,
Meshael Althmaly,مشاعل الثمالي,TRUE,,
Vancy,فانسي,FALSE,,
Afnan Am Albnat,افنان ام البنات,TRUE,,
Areej Alenezi,اريج العنزي,FALSE,,
Asma Alsyari,اسماء السياري,TRUE,,
Style Nour,ستايل نور,TRUE,,
Ghdeer A,غدير,TRUE,,
Noha X,نهى اكس,FALSE,لايوجد,
Rosa,روزا,FALSE,لايوجد,
Reem Najem,ريم نجم,FALSE,لايوجد,
Riyadh restaurants.,مطاعم الرياض,FALSE,لايوجد,
Roaa Alsabban,رؤى الصبان,FALSE,لايوجد,
Bibi Alabdulmohsen,بيبي عبدالمحسن,FALSE,لايوجد,
Hussain,حسين,FALSE,لايوجد,
Mina AlSheikhly,مينا الشيخلي,FALSE,لايوجد,
Saudi Offers,عروض السعوديه,FALSE,لايوجد,
Siham 0,سهام,TRUE,,
Ajooba Shoppinf,اعجوبه شوبنق,FALSE,لايوجد,
Aziz Karl,عزيز كارل,FALSE,لايوجد,
6000,خيريه ابو لبن,TRUE,,
Asma Almutairy,اسماء المطيري,FALSE,لايوجد,
Alharaj Alsaudi,الحراج السعودي,FALSE,لايوجد,
Almaha,المها,TRUE,,
Asma Alshamri,اسماء الشمري,TRUE,,
Elyas Raheem,الياس رحيم,TRUE,,
Hamad Bin Fahad,حمد بن فهد,FALSE,لايوجد,
Life by Nada,لايف باي ندى,TRUE,,
Rana Alqfari,رنا القفاري,TRUE,,
Teacher,تيتشر,TRUE,,
Glitter,قليتتر,TRUE,,
Nora Alqahtani,نوره القحطاني,TRUE,,
Feras 7,فراس7,TRUE,,
Hessa Alfalasi,حصه الفلاسي,FALSE,لايوجد,
Alsadeem Almutairi,السديم المطيري,FALSE,لايوجد,
Amakin Jeddah,اماكن جده,TRUE,,
Huda Ahmed,هدى احمد,TRUE,,
Mona Zaki,منى زكي,FALSE,لايوجد,
Abeer Alghaith,عبير الغيث,TRUE,,
Enas Alhenti,ايناس الحنطي,TRUE,,
Shuruq Ayman,شروق ايمن,TRUE,,
Nadia Alsalman Om Almaha,ناديه السلمان ام المها,TRUE,,
Hudhayfa Abdulrahman,حذيفه عبدالرحمن,TRUE,,
Saudi Fashion Blogger,سعودي فاشن بلوقر,TRUE,,
Aldanah Beauty,الدانه بيوتي,FALSE,لايوجد,
Mohammad Alsakran,محمد السكران,TRUE,,
Hilah Alrasheed,هيله الراشد,FALSE,لايوجد,
Balqees fatahe,بلقيس فتحي,FALSE,لايوجد,
Mounerah Alaloula,منيره العلولا,TRUE,,
Tim Alflasi,تيم الفلاسي,FALSE,لايوجد,
Hind Alabdullah,هند العبدالله,FALSE,لايوجد,
Histor,هستور,TRUE,,
Fashidom style,فاشدوم ستايل,TRUE,,
Ahmad Rheem,احمد رحيم,TRUE,,
Haneen Alsaify,حنين الصيفي,FALSE,لايجد غير سعودي و غير مقيم,
Naif Abdulah,نايف عبدالله,FALSE,لايوجد,
Hissah,حصه,TRUE,,
khalid Alsuliman,خالد السليمان,TRUE,,
Hisham Baeshen,هشام باعشن,TRUE,,
Samara,سمارا,TRUE,,
Nora Dicteota,نورا ديكتيوتا,TRUE,,
Sara Murad,ساره مراد,FALSE,لايوجد,
Hamdy alfuraidi,حمدي الفريدي,TRUE,,
Omar Farooq,عمر فاروق,FALSE,لايوجد غير سعودي و غير مقيم,
Shahad Alzahrani,شهد الزهراني,TRUE,,
Hadeel Marei,هديل ماري,FALSE,لايوجد غير سعودي و غير مقيم,
Bsam Almqhem,بسام المقحم,TRUE,,
Ahmed Alshehri,احمد الشهري,TRUE,,
Albtool Mohammed,البتول محمد,TRUE,,
Abdulmajeed Alfawzan,عبد المجيد الفوزان,TRUE,فقط على سناب,
Nouf Beauty 94,نوف بيوتي 94,TRUE,,
U can,انت تستطيع,TRUE,,
August Style,اوقست ستايل,TRUE,,
Khadeeja Ashraf,خديجه اشرف,TRUE,,
By Bashair,باي بشاير,TRUE,,
Ragertha,راقيرثا,TRUE,لايوجد,
Hyat Alryadh,حياة الرياض,FALSE,لايوجد,
Tayf Ebarahim,طيف ابراهيم,TRUE,,
Sweet Wala,سويت ولاء,TRUE,,
Dana Altuwarish,دانه الطويرش,FALSE,لايوجد,
Abdulaziz Brnawy,عبدالعزيز برناوي,TRUE,,
Sara Alqhtani,ساره القجطاني,TRUE,,
Nmr Abo Bandr,نمر ابو بندر,TRUE,,
Abdullah Alhanyan,عبدالله الحنيان,TRUE,,
Rawan Alali,روان العلي,FALSE,لايوجد,
Lolo News,لولو اخبار العروض,TRUE,,
Faisal Alghazzawi,فيصل الغزاوي,TRUE,,
Arowa Al Sayegh,اروى الصايغ,FALSE,يوجد على السناب فقط,
Saudi Panther,سعودي بانثر,TRUE,,
Hessa Alamaar,حصه العمار,TRUE,يوجد على سناب فقط,
Hanadi Um Jana,هنادي ام جنا,TRUE,,
Alrased,الراصد,FALSE,لايوجد,
Modmen Shay,مدمن شاهي,TRUE,,
Turki Alsadhan,تركي السدحان,TRUE,,
Bader Alsaad,بدر السعد,TRUE,,
Mito Alshamsi,ميتو الشامسي,TRUE,يوجد على جميع المنصات عدى تويتر,
Mohammed Al-Zaizai,محمد الزعيزعي,FALSE,لايوجد,
Sally Alzahrani,سالي الزهراني,TRUE,على سناب فقط,
Dr.Hind care and ideas,د.هند عنايه وافكار,TRUE,على سناب فقط,
Tutfah Burydah,طرفه | بريدة القصيم,FALSE,,
Bshayr Alzhrani,بشاير الزهراني,TRUE,,
Audi Alzaben,اودي الزبن,TRUE,,
Nasra Alharbi,نصره الحربي,TRUE,,
Amal Alturk,امل الترك,TRUE,,
Abu Alfeda,ابو الفدا,TRUE,,
Meaad Alasiri,ميعاد العسيري,TRUE,على سناب فقط,
Manal Alansari,منال الانصاري,TRUE,على سناب فقط,
khawkah Alotaibi,خوخه العتيبي,TRUE,,
Amal Waleed,امل وليد,TRUE,,
By Dalal,باي دلال,TRUE,,
Arwa Muhammad,اروى محمد,TRUE,فقط على انستقرام,
Mshary Alqhtani,مشاري القحطاني,TRUE,,
Asia Aloudah,اسيا العوده,TRUE,,
Amira Mobarak,اميره مبارك,TRUE,,
Wardat Alsharqiyah,ورده الشرقيه l فاطمه القبيسي,TRUE,,
Saleh Alqhtani,صالح القحطاني,TRUE,,
Sarah and Rahaf Alromaizan,ساره ورهف الرميزان,FALSE,لايوجد,
Amany Aljhni,اماني الجهني,FALSE,لايوجد,
Hanan Dashti,حنان دشتي,FALSE,لايوجد,
Farah Algafari,فرح القفاري,TRUE,يوجد على سناب فقط,
Bayan Linjawi,بيان لينجاوي,TRUE,يوجد على سناب فقط,
Mohammed Al-Hussainan,محمد الحصينان,FALSE,لايوجد,
Diyana,ديانا l صباح الجهني,TRUE,يوحد على جميع المنصات عدا انستقرام,
Moody Alasmr,مودي الاسمر,TRUE,,
Farah Alhady,فرح الهادي,FALSE,لايوجد غير سعودي و غير مقيم,
Nawal kaneani,نوال الكناني,TRUE,يوحد على جميع المنصات عدا تويتر,
Nahlaa Sulaiman,نهلاء سليمان,TRUE,يوحد على جميع المنصات عدا تويتر,
Reema Khalid,ريما خالد,TRUE,على سناب فقط,
Bader Alshammari,بدر الشمري,FALSE,لايوجد,
Faisal Alabdulkarim,فيصل العبدالكريم,TRUE,على تويتر و سناب,
Sara 666,سارا 666,TRUE,,
Dwea Alajmi,دويع العجمي,FALSE,لايوجد,
Shimaa Ali,شيماء علي,FALSE,لايوجدغير سعودي و غير مقيم,
Njla Alghamdi,نجلا الغامدي l نجاح الغامدي,TRUE,,
Amal Ibrahim,امل ابراهيم,FALSE,لايوجد,
Alya Khalil,عاليه خليل,TRUE,,
Abu Saad,ابو سعد,FALSE,لايوجد,
Heba Rumhein,هبه رمحين,FALSE,لايوجد,
LOL RD,لول ار دي,TRUE,,تم
Bader Alantonio,بدر ال انطونيو,TRUE,فقط على سناب,تم
Nada Alghazi,ندى الغازي,TRUE,فقط على سناب,تم
Burjek Alyom,برجك اليوم,TRUE,,تم
Shoug Abdulaziz,شوق عبدالعزيز,TRUE,,تم
Dhafir Alasbli,ظافر العسبلي,FALSE,لايوجد,تم
Mohamed Aljnobi,محمد الجنوبي,FALSE,لايوجد,تم
Ghadeer Alsharyoufi,غدير الشريوفي,TRUE,,تم
Amani Alhudaithi,اماني الحديثي,FALSE,لايوجد,تم
Hussain Al-Baqshi,حسين البقشي,TRUE,على سناب فقط,تم
Munya Alsanea,منيه الصانع,TRUE,,تم
Sultan Alfisal,سلطان الفيصل,TRUE,على سناب وانستقرام,تم
khawatir alkhuytir,خواطر الخويطر,TRUE,سناب و انستقرام فقط,تم
Qritm,قريطم,TRUE,,تم
Lujain Hassan,لجين حسن,FALSE,لايوجد,تم
Aziz Alzaid,عزيز الزايد,FALSE,لايوجد,تم
Mohammed Baker,محمد بكر,TRUE,,تم
Bashaer om thamer,بشاير ام ثامر l بشاير العمار,TRUE,,تم
Alya Alobaid,علياء العبيد,TRUE,,تم
Reema Aleayaaf Madrita,ريما العياف مادريتا,TRUE,,تم
Abo aqeel,ابو عقيل,TRUE,,تم
Ghada Alghniman,غاده الغنيمان,TRUE,,تم
Entsar Alshreef,انتصار الشريف,TRUE,,تم
Shoug Algahtani,شوق القحطاني,TRUE,,تم
Latifah Alshamsi,لطيفه الشامسي,FALSE,لايوجد,تم
Najla Abdulaziz,نجلاء عبدالعزيز,TRUE,,تم
Aljohrh Dodani,الجوهرة دوداني,FALSE,,تم
Noor Sharaf,نور شرف,TRUE,,تم
Nayef Alwathlan,نايف الوثلان,TRUE,,تم
Saji 2,ساجي2,TRUE,,تم
Abeer Alomira,عبير العميره,TRUE,,تم
Halima Boland,حليمه بولند,TRUE,,تم
Ham Fc,fchmouda,FALSE,لايوجد,تم
Aljohara A,الجوهره,TRUE,,تم
Houria Muhammed,حوريه المحيميد,FALSE,لايوجد,تم
Arwa Alomarani,اروى العمراني,TRUE,,تم
Om Awrad,ام اوراد,FALSE,,تم
Kohly,كحلي,TRUE,,تم
Ghadeer Alsabti,غدير السبتي,FALSE,لايوجد,تم
Ghada Alharioul,غاده الحريول,TRUE,,تم
Shahad Turki,شهد تركي,TRUE,,تم
Yasmeen Dakheel,ياسمين دخيل,TRUE,,تم
In Makkah Angles,في زوايا مكه,TRUE,,تم
Azoz Thamer,عزوز ثامر,TRUE,,تم
Fatima Alotaibi,فاطمه العتيبي,TRUE,,تم
Hind Abu Hamid,هند ابوحيمد,TRUE,,تم
Ameera Mohammed,اميره محمد,TRUE,,تم
Bader Althyabi,بدر الذيابي,TRUE,,تم
Nouf beauty,نوف بيوتي,FALSE,لايملك,تم
Hissah Alali,حصه العلي,TRUE,,تم
Saud Fahd,سعود فهد,TRUE,,تم
Ahoud Doodi,عهود دودي,TRUE,,تم
Ahlam Alenezi,احلام العنزي,TRUE,,تم
Ahoud,عهود,FALSE,لايملك,تم
Reta bint Mohammed,ريتا بنت محمد,FALSE,لايملك,تم
Bothenah,بثينه,FALSE,لايملك,تم
Dalil Saudi Arabia,دليل السعوديه,TRUE,,تم
Nawaf Aljamea,نواف الجامع,TRUE,,تم
Maryam Mohammad,مريم محمد,TRUE,,تم
Rawan Alqhtani,روان القحطاني,TRUE,,تم
Ziad Almesfer,زياد المسفر l زياد الدوسري,TRUE,,تم
Riva,ريڨا,FALSE,لايملك,تم
Lubna Aldossary,لبنى الدوسري,TRUE,,تم
Snap Alkhafjy,سناب الخفجي,FALSE,لايملك,تم
Mohammad Yamani,محمد يماني,TRUE,,تم
Njoud Alharigy,نجود الحريقي,TRUE,,تم
Sarah Alshli,ساره السهلي,TRUE,,تم
Arwa DHL,اروى,TRUE,,تم
Trendy Taraf,ترندي ترف,TRUE,,تم
Enas Alrdiaan,ايناس الرديعان,TRUE,,تم
Lateefa turki,لطيفه تركي,TRUE,,تم
I Aziz,ايام عزيز,TRUE,,تم
Dr.kholoud,دكتوره خلود,TRUE,,تم
Mayonezah,مايونيزه,FALSE,معلق,تم
Abdulaziz Alqassem,عبد العزيز القاسم,TRUE,,تم
Bint Alhaashmi,بنت الهاشمي,FALSE,لايملك,تم
Mohsen Alharthi,محسن الحارثي,TRUE,,تم
Amal Abdulmohsin,امل عبدالمحسن,TRUE,,تم
Mona Alzahraani,منى الزهراني,TRUE,,تم
Maryam Alansari,مريم الانصاري,TRUE,,تم
Ebrahim Mohammed,ابراهيم محمد,TRUE,,تم
Shams Alastorh,شمس الاسطوره,TRUE,,تم
Alblwy,البلوي,TRUE,,تم
Hyat Wardyah,حياة ورديه,TRUE,,تم
Afnan Alnamlah,افنان النمله,TRUE,,تم
Mohammed Alfasel,محمد الفاصل,TRUE,,تم
Hana Alzhrani,حنان الزهراني,TRUE,,تم
Zuhoor Saoud,زهور سعود,TRUE,,تم
Nawaf Alrdad,نواف الرداد,FALSE,لايملك,تم
Maha Alshabib,مها الشبيب,TRUE,,تم
Bashayr Alshehri,بشاير الشهري,TRUE,,تم
Gorgeous,قورجس,TRUE,,تم
Amjad Altamimi,امجاد التميمي,TRUE,,تم
Jonngz,جونقز,TRUE,,تم
Dr. Batoul,دكتوره بتول,TRUE,,تم
Hamad & Azazi,حمد و عزازي,TRUE,,تم
Moath Buqna,معاذ بقنه,FALSE,لايملك,تم
s7s,سحس,TRUE,,تم
True8,ترو8,TRUE,,تم
Jomanh24,جمانه,TRUE,,تم
Tawfiq Alfhalifa,توفيق الخليفة | موجز الاخبار,TRUE,,تم
Reem Alsuwaidi,ريم السويدي,FALSE,لايملك,تم
Trend Food,ترند فود,TRUE,,تم
Maryam Hashem,مريم هاشم,TRUE,,تم
Taghrid Alhowish,تغريد الهويش,TRUE,,تم
Maitha Alali,ميثاء العلي,FALSE,لايملك,تم
Danah Alshaya,دانه الشايع,TRUE,,تم
Murtada Alsalman,مرتضى السلمان,TRUE,,تم
doujana bahader,دجانه بهادر,TRUE,,تم
Tareq Alali,طارق العلي,TRUE,,تم
Roz,مودل روز,FALSE,لايوجد,تم
Mufidah Alqahtani,مفيده القحطاني,TRUE,,تم
Zainab Alalwan,زينب العلوان,TRUE,,تم
Um Alhiwat,ام الحلوات,TRUE,,تم
Abdulrahman Alsadhan,عبدالرحمن السدحان,TRUE,,تم
Jbnh Aljhny,جبنه الجهني,TRUE,,تم
Rahaf Habtry,رهف l رهف حبتري,FALSE,لايملك,تم
Dalal Marafi,دلال معرفي,FALSE,لايملك,تم
Areej Alotaibi,اريج العتيبي,TRUE,,تم
Wafa wafi,وفاء وافي,FALSE,لا يملك,تم
Manal Alessia,منال العيسى,TRUE,,تم
Reem arhamah,ريم ارحمه,FALSE,لا يملك,تم
Ghazi Al Dhiyabi,غازي الذيابي,TRUE,,تم
Habiba Alabdullah,حبيبه العبدلله,FALSE,لا يملك,تم
Dr Khaled Saleh Al Zaaq,خالد صالح الزعاق,TRUE,,تم
Dleel Jmlt Alriyadh,دليل جملة الرياض,TRUE,,تم
danh,دنى دانه,TRUE,,تم
Rana Khalid,رنا خالد,TRUE,,تم
Lulu Saree,لولو ساريه,TRUE,,تم
Khelan Alshmri,كحيلان الشمري,TRUE,,تم
Shaden Alajlan,شادن العجلان,TRUE,,تم
Chaden,شادن,FALSE,لا يملك,تم
Tara Faqeeh,تارا فقيه,FALSE,لا يملك,تم
Alanoud Aldossry,العنود الدوسري,FALSE,لا يملك,تم
Wasfat Mufidah,وصفات مفيده,TRUE,,تم
Leen,ترندي فاشن,TRUE,,تم
Sarah Alwadaani,ساره الودعاني,TRUE,,تم
Saleh Alrashed,صالح الراشد,FALSE,لا يملك,تم
Saja Kamal,سجى كمال,TRUE,,تم
Adel Jamal,عادل جمال,FALSE,لا يملك,تم
Salwaa Einayati Waafkari,سلوى عنايتي وافكاري,TRUE,,تم
Ebdaa Toonah,ابداع تونه,TRUE,,تم
Alarfaj Tech,محمد العرفج,TRUE,,تم
yoshe Abdullah,يوشي عبدالله,TRUE,,تم
Madhawi,مضاوي,TRUE,,تم
Faisal bin Khaled,فيصل بن خالد,TRUE,,تم
Abeer Alotaibi,عبير العتيبي,TRUE,,تم
Tarafah Abdullah,طرفه عبدالله,TRUE,,تم
Abo Shar3,ابو شارع القحطاني,TRUE,,تم
Onaizah Soon,قريبا في عنيزه,TRUE,,تم
Hind aldabaas,هند الدباس,TRUE,,تم
Wedyan suliman,وديان سليمان,FALSE,لا يملك,تم
Waffa F33,وفاء 33,FALSE,لا يملك,تم
Tara Emad,تارا عماد,FALSE,لا يملك,تم
Its Sara,اتس ساره,FALSE,لا يملك,تم
Mohammed Alshammry,محمد الشمري,TRUE,,تم
Amani Alghamdi,اماني الغامدي,TRUE,,تم
Gorob Alhuthli,غروب الهذلي,FALSE,لا يملك,تم
Essra Alhajeri,اسراء الهاجري,FALSE,لا يملك,تم
Naser Abdurahman,ناصر عبدالرحمن,TRUE,,تم
Philophobia,فيلوفوبيا,TRUE,,تم
Abdullah Alsabe,عبدالله السبع,TRUE,,تم
Eyad Alhamoud,اياد الحمود,TRUE,,تم
Abdullah Alsubaie,عبدلله السبيعي,TRUE,,تم
Naifco,نايفكو l نايف مدخلي,TRUE,,تم
Haya Alshuaibi,هيا الشعيبي,FALSE,لايملك,تم
Chef Hessa,الشيف حصه,TRUE,,تم
Wejdan Abdulaziz,وجدان عبدالعزيز,TRUE,,تم
Waad mohammed,وعد محمد,TRUE,,تم
Abdulrahman Alkhalidi,عبدالرحمن الخالدي,TRUE,,تم
Afkar Bnt Saleh,افكار بنت صالح,TRUE,,تم
Afnaneta Blogger,افنانيتا بلوقر,TRUE,,تم
Mappist Wehad,وهاد,TRUE,,تم
Saif Almkhat,سيف المخاط,TRUE,,تم
Ghaida Saleh,غيداء صالح,TRUE,,تم
Gzlan Younis,غزلان يوسف,FALSE,لايملك,تم
Khayal Alqhtani,خيال الشمري,TRUE,,تم
Reema 1,ريما,TRUE,,تم
Shaden Bloger,شادن بلوقر,TRUE,,تم
Alnessaa,النساء,TRUE,,تم
15s meals,15 ثانيه,FALSE,,تم
Stella Sam,ستيلا سام,TRUE,,تم
Fhidan Aldossary,فهيدان الدوسري,TRUE,,تم
Bashayer92,بشاير,TRUE,,تم
I Hani,انا هاني,TRUE,,تم
Nora idea,افكار نوره,TRUE,,تم
Nouf Dleel Altaif,نوف دليل الطايف,TRUE,,تم
Annabella,انابيلا,FALSE,لايملك,تم
Dima Al Sheikhly,ديما الشيخلي,FALSE,لايملك,تم
Abu Sulaiman,ابو سليمان,TRUE,,تم
Om Layan 2016,ام ليان,TRUE,,تم
Naser Alsubeai,ناصر السبيعي,TRUE,,تم
Munira Aldafar,منيره الظفر,TRUE,,تم
Fouz Alfahad,فوز الفهد,TRUE,,تم
Anoosha,انوشه,TRUE,,تم
Bailasan,بيلسان,FALSE,لايملك,تم
Az bin fahad,عز بن فهد,TRUE,,تم
Khawla Almaraghi,خوله المراغي,TRUE,,تم
Ali Saied,علي سعيد,TRUE,,تم
yosef Ahmad,يوسف احمد,TRUE,,تم
Coach Basma,كوتش بسمه,TRUE,,تم
Abdulaziz Alshehri,عبدالعزيز الشهري,TRUE,,تم
Abdullah Alwadaani,عبدالله الودعاني l عبدالله الدوسري,TRUE,,تم
Raghad Days,رغد دايز,TRUE,,تم
Ali Shbib,علي شبيب,TRUE,,تم
Adwa Alasiri,اضوى العسيري,TRUE,,تم
Before,بيفور,FALSE,لايملك,تم
Mona Alanzi,منى العنزي,TRUE,,تم
Mshary Alqhtani Cars,مشاري القحطاني للسارات,TRUE,,تم
Kadi Aljrisi,كادي الجريسي,TRUE,,تم
Tghtyat Riyadh Manal,تغطيات الرياض منال,TRUE,,تم
Ghaida Abdullah,غيدا عبدالله,TRUE,,تم
Amer Aljmele,عامر الجميلي,TRUE,,تم
Hussein bin Mahfouz,حسين بن محفوظ,FALSE,لايملك,تم
Blogger Ayqont Almoda,بلوقر ايقونة الموضه,FALSE,لايملك,تم
Raya Abirached,ريا ابي راشد,FALSE,لايملك,تم
Faslat fatoom,فصلات فطوم,TRUE,,تم
Dr.feryal Housam,د.فريال حسام,TRUE,,تم
Lujain Qaffas,لجين قفاص,TRUE,,تم
Abdolah Alzomily,عبدالله الزميلي,TRUE,,تم
Alyasmiiin,الياسمين,FALSE,لايوجد,تم
Alea Mohammed,عليا محمد,FALSE,لايوجد,تم
Randa Hajjaj,رندا حجاج,FALSE,لايوجد,تم
Shooq Tooki1,شوق1,FALSE,لايوجد,تم
Asmaa Alhabib,اسماء الحبيب,FALSE,,تم
Atheer Altaathir,اثير التاثير,TRUE,,تم
Marzooqh News,مرزوقه واخبار المشاهير,TRUE,,تم
Mona sheikh,منى شيخ,TRUE,,تم
Dora Zarrouk,دره زروق,FALSE,لايوجد,تم
Aljawhara Almuthhlh,الجوهره المذهلة,TRUE,,تم
Awatef Alolyani,عواطف العلياني,TRUE,,تم
Yara Alnamlah,يارا النملة,TRUE,,تم
Abdullah Altamimi,.عبدالله التميمي,TRUE,,تم
Ask Makkah,اسال مكه,TRUE,,تم
Khalil Alrumaithi,خليل الرميثي,FALSE,لايوجد,تم
Takhfeedat Alsharqiyah,تخفيضات نايف الزعبي,TRUE,,تم
Noura Alamiry,نوره العميري,FALSE,لايوجد,تم
Rasha Almarzoqi,رشا المرزوقي,TRUE,,تم
Snfoor Alqhtani,سنفور القحطاني,FALSE,لايوجد,تم
Shahad Alkaffary,شهد القفاري,TRUE,,تم
Rand & Rafif,رند و رفيف الشهلي,FALSE,,تم
Sanaah,سنعه,TRUE,,تم
Layali Makeover,ليالي ميك اوفر,TRUE,,تم
Layalii Dehrab,ليالي دهراب,FALSE,لايوجد,تم
Sultan Naif,سلطان نايف l سلطان آل حثلين,TRUE,,تم
Deema Alasadi,ديما الاسدي,FALSE,لاوجد,تم
Alshaikah Alanzi,الشيخه العنزي,FALSE,لايوجد,تم
Dina Alrushidi,دينا الرشيدي,FALSE,لايوجد,تم
Khawla Alroqiba,خوله الرقيبه,TRUE,,تم
Majed Alanzi,ماجد العنزي,TRUE,,تم
Tota Alshahari,توتا الشهري l فاطمه الشهري,TRUE,,تم
Somaya Alsaleh,سميه الصالح,TRUE,,تم
Zainab Trend Alriadh,زينب ترند الرياض,TRUE,,
Trendy By M,تريندي باي ام,TRUE,,
Othmaniaat,عثمانيات,TRUE,,
Reem makkah,ريم مكه,TRUE,,
Lama Alknani,لمى الكناني,TRUE,,
Afnan Albatel,افنان الباتل,TRUE,,
Muteb Alarifi,متعب العريفي,TRUE,,
Tahani Alqahtani,تهاني القحطاني,TRUE,,
Ghlana,غلا,TRUE,,
Brg,برق,TRUE,,
Muhra Alshhrani,مهره الشهراني,TRUE,,
Ameera Kitchen,اميره كتشن,TRUE,,
Bnt Najd,بنت نجد,TRUE,,
Heba Aldurri,هبه الدري,FALSE,لايوجد,
Alanoud yamani,العنود يماني,TRUE,,
Amina Alalie,امينه العلي,TRUE,,
Hattan Alfaisal,هتان الفيصل,TRUE,,
Waleed,وليد l وليد الرشيدي,TRUE,,
Nouf Nabil,نوف نبيل,FALSE,لايوجد,
Jumanah bugnah,جمانه بقنه,TRUE,,
Noor Alfisal,نور الفيصل,TRUE,,
Fahda alomari,فهده العمري,TRUE,,
Hayat alharbi,حياه الحربي,TRUE,,
Shafi,شافي,FALSE,لا يملك,
Abo moaijel,ابو معيجل,TRUE,,
Mashaer Alkhuaytir,مشاعر الخويطر,TRUE,,
Maram Alharbi,مرام الحربي,TRUE,,
Zainab Alaskari,زينب العسكري,FALSE,لا يملك,
Teachers Room,غرفه المعلمات,TRUE,,
Marioma Al-Taif,مريومه الطايف,TRUE,,
Reem Shosheta,ريم شوشيتا,TRUE,,
Bushra,بشرى سفيره السلام,TRUE,,
Nada Alali,ندى العلي,TRUE,,
Abo Mshari,ابو مشاري,TRUE,,
Fooz Alem Anthwy,فوز عالم انثوي,TRUE,,
Hanan Almuqbil,حنان المقبل,TRUE,,
Randa Almghrbyah,رندا المغربيه,FALSE,لا يملك,
Nouf Altamimi,نوف التميمي,TRUE,,
Raghd bin Talha,رغد بن طلحه,TRUE,,
Adel Alzahranii,عادل الزهراني,TRUE,,
Abo Yazed,ابو يزيد,TRUE,,
Bin Khalid,بن خالد,TRUE,,
Basma Alshammari,بسمه الشمري,TRUE,,
Fatma Alsafi,فاطمه الصفي,FALSE,لايوجد,
Saud Gharbi,سعود غربي,TRUE,,
Mohammed Aljerfin,محمد الجرفين,TRUE,,
Ahood Alenezi,عهود العنزي,FALSE,لايوجد,
Faisal Saleh,فيصل صالح,TRUE,,
Lugina Salah,لوجينا صلاح,FALSE,لايوجد,
Kholoud abo zid,خلود ابو زيد,FALSE,لايوجد,
Awatif om seba,عواطف ام صبا,TRUE,,
Saudi Mall,سعودي مول,TRUE,,
Ranoy,رنوي,FALSE,لايوجد,
Tarfah Alshareef,طرفه الشريف,TRUE,,
Awaash Zehi,عواش زاهي,FALSE,لايوجد,
Linda,ليندا,FALSE,لايوجد,
Nuha Albabtain,نهى البابطين,TRUE,,
Marwa Ibrahim,مروه ابراهيم,FALSE,لايوجد,
Online,اون لاين,TRUE,,
Almohra Albahrineah,المهره البحرينيه,TRUE,,
khulud Alwatid,خلود الوتيد,TRUE,,
Mohammed Alssaid,محمد ال سعيد,TRUE,,
Rifaat 48,رفعت,FALSE,لايوجد,
Aseel Emad,اسيل عماد,FALSE,لايوجد,
Snap Hay Alremal,سناب حي الرمال,TRUE,,
It’s jay jay,جي جي,TRUE,,
Model Refan,مودل ريفان,FALSE,,
Abdulaziz Alhmadi,عبدالعزيز الحمادي,TRUE,,
Hamad Alsuwailihi,حمد الصويلحي,TRUE,,
Neer,نيير,FALSE,,
Sneoritta,سنيوريتا,TRUE,,
Asma Alotaibi,اسماء العتيبي,TRUE,,
Rawan bin hussain,روان بن حسين,FALSE,,
Niloh,نيلوه,TRUE,,
Afrah Alghamdi,افراح الغامدي,TRUE,,
Alaa Balkhy,الاء بلخي,TRUE,,
Princess Hessa,برنسس حصه,FALSE,,
Aljawhara parista,الجوهره باريستا,FALSE,,
Hoor Almutairi,حور المطيري,TRUE,,
Lyan Tiktok,ليان تيك توك,FALSE,,
Youssef Alsudais,يوسف السديس,TRUE,,
Madawy Altukhaim,مضاوي الطخيم,FALSE,,
Ibn Fattuta,ابن فطوطه,FALSE,,
Farah Hakeem,فرح حكيم,TRUE,,
Marzooqh,مرزوقه,TRUE,,
Blogger Toot,بلوقر توت,FALSE,,
Manal Ahmad,منال احمد,FALSE,,
Nadine Njeim,نادين نجيم,FALSE,,
Bader Al Mutawa,بدر المطوع,FALSE,,
Abu Rayan Alhasawi,ابو ريان الحساوي,TRUE,,
Reem Alsanea,ريم الصانع,TRUE,,
Asem Alrhily,عاصم الرحيلي,FALSE,,
Aqeel Alfozan,عقيل الفوزان,TRUE,,
Hatim Almehobi,حاتم الميهوبي,TRUE,,
Zainab Alkhalifa,زينب الخليفه,TRUE,,
Abdullah Alsalama,عبدالله السلامه,TRUE,,
Khalid Alhazimi,خالد الهزيمي,FALSE,,
Abdullah Alqufary,عبدالله القفاري,FALSE,,
Shahad ballan,شهد بلان,FALSE,,
Mahira Abdulaziz,مهيره عبدالعزيز,FALSE,,
Waad Shaat,وعد شعت,FALSE,,
Heba Almanea,هبه المنيع,TRUE,,
Fatimah Alsharif,فاطمة الشريف,FALSE,لا يملك,
Waleed Alshammry,وليد الشمري,TRUE,,
Anas Alrajhi,انس الراجحي,TRUE,,
Nawal Alaeed,نوال العيد,TRUE,,
Amani Alaeed,اماني العايد,TRUE,,
Shoosh Alathri,شوش العذري l شريفه عسيري,TRUE,,
Mohamed Alnuaimi,محمد النعيمي,FALSE,لا يملك,
Muhammed Alnaheet,محمد النحيت,TRUE,,
Reem Abdullah,ريم عبدالله l نوره العتيبي,TRUE,,
Sara Alshehri,ساره الشهري,TRUE,,
Amna Al Qubaisi,امنه القبيسي,FALSE,لا يملك,
Rahaf AlQahtani,رهف القحطاني,TRUE,,
Malak zahir,ملاك زاهر,FALSE,لا يملك,
Amal Aljahdali,امل الجحدلي,TRUE,,
Hadeel Alotaibi,عبدلله الودعاني,TRUE,,
Abu Meshal Saoud,ابو مشعل سعود,TRUE,,
Sarah Alferyan,ساره الفريان,TRUE,,
Eno Alealula,انو العلولا,TRUE,,
Abeer Sinder,عبير سندر,TRUE,,
Bdour20,بدور,TRUE,,
Om taym&siba,ام تيم وصبا,FALSE,لايملك,
Abdulrahman Alshehri,عبدالرحمن الشهري,TRUE,,
Salwan,سلوان,TRUE,,
Abeer Ahmad,عبير احمد,FALSE,لايملك,
Haifa Sulaiman,هيفاء السليمان,TRUE,,
Mohsen Aldaglh,محسن الدقله,FALSE,لايملك,
Amal Alqfary,امل القفاري,TRUE,,
May Altuwaijri,مي التويجري,TRUE,,
Laila Zaher,ليلى زاهر,FALSE,لايملك,
Aseel Alzamil,اسيل الزامل,TRUE,,
Nouf Abdulkarim,نوف عبدالكريم,TRUE,,
Hamad Qalam,حمد قلم,FALSE,لايملك,
Noura Alali,نوره العلي,TRUE,,
Mohanad Alharbi,مهند الحربي,TRUE,,
Abir Alsaghir,عبير الصغير,FALSE,لايملك,
Ghorbt Alrooh,غربة الروح,TRUE,,
Mohammed Sal,محمد سال,TRUE,,
Amal Ahmad,امل احمد,TRUE,,
Farah Alsaraf,فرح الصراف,TRUE,,
Waleed Aldawas,وليد الدواس,TRUE,,
Ahad Care and cooking,عهد عنايه وطبخ,FALSE,لايملك,
Nadyah Ali Safahi,ناديه علي,TRUE,,
Jamaan Al-Dosari,جمعان الدوسري,TRUE,,
Naqa,نقاء l ماجده الشمري,TRUE,,
Amira Alabbas,اميره العباس,FALSE,لا يملك,
Nada Alqhtani,ندى القحطاني,TRUE,,
Ghram Alflah,غرام الفلاح,FALSE,لا يملك,
Bader Alamii,بدر اللامي,TRUE,,
Meshal Chan,مشاعل تشان,FALSE,لا يملك,
Daleel Taif,دليل الطائف l نوف الحارثي,TRUE,,
Halh Ajeeb,هاله عجيب,FALSE,لا يملك,
Um Rahaf Alqhtani,ام رهف القحطاني,TRUE,,
Halah Ghaban,هاله غبان,TRUE,,
Amjad Abdulaziz,امجاد عبدالعزيز,TRUE,,
iGa Mohmmed,ايجا محمد,TRUE,,
Abdullah Aljumairi,عبدالله الجميري,TRUE,,
Manal Alsadhan,منال السدحان,TRUE,,
Hessah Alghammas,حصه الغماس,TRUE,,
Sultan bin saad,سلطان بن سعد,TRUE,,
Tghtyat Reva,ريفا تغطيات,TRUE,,
Abdulwahab Ghmdy,عبدالوهاب الغامدي,TRUE,,
alanoud Artist,العنود ارتست,TRUE,,
Aishaa Alaqeel,عايشه العقيل,FALSE,لايملك,
Sango Almajd,سانجو المجد,FALSE,لايملك,
Albdour Alshammari,البدور الشمري,TRUE,,
Miyaru,ميارو,FALSE,لايملك,
Sadomi,سدومي,TRUE,,
Mansour Alzaid,منصور الزايد,TRUE,,
Walaa Alaqeel,ولاء العقيل,TRUE,,
Chef Duha,الشيف ضحى,TRUE,,
Sami Almousa,سامي الموسى,TRUE,,
Janamaf2006,جنى الفيلكاوي,FALSE,لا يملك,
Fsris Alturki,فارس التركي,TRUE,,
Hana,هناء,TRUE,,
Mdhawi Alarmani,مضاوي العرماني,TRUE,,
Fatema Jaafar,فاتيما,FALSE,لا يملك,
Ahmed Alsalem,احمد السالم,TRUE,,
Nour Alghandour,نور الغندور,FALSE,لا يملك,
Alrbaa,الربع,TRUE,,
Fano Trend,فنو ترند,TRUE,,
Meshal khalid,مشعل بن خالد,TRUE,,
Afnan Alghamdi,افنان الغامدي,TRUE,,
Njoud bint Mishaal,نجود بنت مشعل,FALSE,لا يملك,
Raghad Mohammad,رغد محمد,TRUE,,
Salman Althbeani,سلمان الذبياني,FALSE,لا يملك,
Ali Najim,علي نجم,FALSE,لا يملك,
Walid Qasran Al-Zahrani,وليد قشران الزهراني,TRUE,,
Am Tala & Lana,ام تالا ولانا,TRUE,,
Saleh Opiilz,صالح اوبلز,TRUE,,
fatinah henaydi,فاتنه هنيدي,TRUE,,
Noor Star,نور ستار,FALSE,لا يملك,
Sahar Alhammad,سحر الحماد,TRUE,,
Hadeel Bokhari,هديل بخاري,TRUE,,
Abdulsalam Alshahrani,عبدالسلام الشهراني,TRUE,,
Sara,ساره,FALSE,,
Sausan Alqadhi,سوسن القاضي,TRUE,,
Rakan Bin Melhi,راكان بن ملهي,FALSE,لا يملك,
Zara Alboloshi,زارا البلوشي,TRUE,,
Amon,امون,TRUE,,
Maithana9er,ميثاء ناصر,TRUE,,
Meshaal aleuaysi,مشعل العويصي,FALSE,لا يملك,
small cappuccino,سمول كابتشينو l سعد العنزي,TRUE,,
The Queen Kabli,ملكه كابلي,TRUE,,
Thamir Aljarish,ثامر الجريش,TRUE,,
Jood Abdulaziz,جود عبدالعزيز,TRUE,,
Souad Bint Jaber,سعاد بنت جابر,TRUE,,
Mashael Alturaifi,مشاعل الطريفي,TRUE,,
Eman Alhussaini,ايمان الحسيني,FALSE,لا يملك,
Nawaf Sanad,نواف سند,TRUE,,
Dictor Nuni,دكتوره نوني,FALSE,,
Munira Alghosn,منيره الغصن,TRUE,,
Nermin Mohsen,نيرمين محسن,TRUE,,
Alanoud Sattam,العنود سطام,TRUE,,
shiraz khalatat,شيراز خلطات,TRUE,,
Ghada Aloudah,غاده العوده,TRUE,تحت الاجراء,
Nora Alqhtani,نوره اللي ماعندها خوات,TRUE,,
Adel Almdhyani,عادل المضياني,FALSE,لايملك,
Maya Alqhtani,مايا القحطاني,TRUE,,
Hilaly Asheg,هلالي عاشق,FALSE,لا يملك,
Hind Alfawzan,هند الفوزان,TRUE,,
Moutasim Trabzooni,المعتصم طرابزوني,TRUE,,
Mohammed Mfrh,محمد مفرح,FALSE,لا يملك,
Afnan Fouad,افنان فؤاد,FALSE,لا يملك,
Sultan Habadi,سلطان حبادي,TRUE,,
adel alsharari,عادل الشراري,TRUE,,
Mohammed Moosa,0,TRUE,,
Madawi Algahtani,مضاوي القحطاني,TRUE,,
Aalia The Best,عالية,TRUE,,
Shwee,شويل,TRUE,,
Maryan Om shemi,مريم ام شيمي,TRUE,,
Sarah Fahmi,ساره الاماراتيه,FALSE,لا يملك,
Omar Alarifi,عمر العريفي,TRUE,,
eishq,عشق,TRUE,,
Muruj Alruhaili,مروج الرحيلي,TRUE,,
Life Alkhyalah,لايف الخياله,TRUE,,
Lena Fahad,لينا فهد,TRUE,,
Amal Alkhaldi,امل الخالدي,TRUE,,
Amani Alhenti,اماني الحنطي,TRUE,,
Faisal Almayouf,فيصل المعيوف,TRUE,,
Sai7 Tube,سائح,TRUE,,
Sultan Almousa,سلطان الموسى,TRUE,,
Mashael AlBoqami,مشاعل البقمي,TRUE,,
Amal Alansari,امل الانصاري,TRUE,,
Hassan Alyamani,حسن اليماني,TRUE,,
Abdulrahman Alkasem,عبدالرحمن القاسم,TRUE,,
Om Aboody,ام عبودي,FALSE,لا يملك ,
Bander Bin sultan,بندر بن سلطان,TRUE,,
Chef Faten,الشيف فاتن,FALSE,لا يملك,
Ashraf noon,عائله ملسوعه,TRUE,,
Shouq mohamed,.شوق محمد,TRUE,,
Hamed Aldaban,حامد الضبعان,TRUE,,
Khalid Alkhaldy,خالد الخالدي,FALSE,لا يملك ,
Layla Iskandar,ليلى اسكندر,TRUE,,
Waad,وعد,TRUE,,
Nawaf Pigr,نواف بيجر,TRUE,,
Asallah Kamel,اصاله كامل,FALSE,لا يملك,
Hermajeesty,هيرما جستي,FALSE,لا يملك,
Abdullah W,عبدالله,FALSE,لا يملك,
Dina Alkhudari,دينا الخضري,FALSE,لايملك,
Meshail yaqoot,مشاعل الياقوت,FALSE,لا يملك,
Maryam Alharby,مريم الحربي,TRUE,,
Anas Almutairi,انس l عبدالله المطيري,TRUE,,
Shaheen Alyahya,شاهين اليحيى,FALSE,,
Khulood Olaqi,خلود عولقي,TRUE,,
Tghtyat Jaz Alriyadh,تغطيات جاز الرياض,TRUE,,
Alshekha Fashion,الشيخه فاشن,FALSE,لا يملك,
Marleen,مارلين,TRUE,,
Najla Alwadaani,نجلاء الودعاني,TRUE,,
Alanoud Alswailem,العنود السويلم,TRUE,,
Hamad Allahem,حمد اللاحم,FALSE,لا يملك,
Waleed Alotaibi,وليد العتيبي,TRUE,,
Mohammd Almutiri,محمد المطيري,FALSE,لا يملك,
Abdulmalik Alhabdan,عبدالملك الهبدان,TRUE,,
Najwa Alabdullah,نجوى العبدلله,TRUE,,
khalid Alolaian,خالد العليان,FALSE,لا يملك,
Ayedh Alqhtani,عايض القحطاني,TRUE,,
Mohammed Al haji,محمد الحاجي,TRUE,,
Osama Aldaghiri,اسامه الدغيري,TRUE,,
Rawan Mahdi,روان مهدي,FALSE,لا يملك,
Sadoon Alawemry,سعدون العويمري,TRUE,,
Abdullah Aljumah,عبدالله الجمعه,TRUE,,
Mohammed Alkhalidi,محمد الخالدي,TRUE,,
Wasfat W Decor,وصفات وديكور,FALSE,لا يملك,
Hammoud Alfayez,حمود الفايز,TRUE,,
Omar Alsaif,عمر السيف,TRUE,,
Mariam Alkharafi,مريم الخرافي,FALSE,لا يملك,
Abdullah Alassaf,عبدالله العساف,TRUE,,
Aram Qabbani,ارام قباني,FALSE,لا يملك,
Khalid Assiri,خالد عسيري,TRUE,,
Blogger Toota,بلوقر توته,TRUE,,
Ali Algofaily,علي الغفيلي,TRUE,,
Abeer Abdullah,Abeer Abdullah,TRUE,,
Suliman Alqassar,سليمان القصار,FALSE,لا يملك,
Koora Show,كورة شو,TRUE,,
Ashwaq Abdulaziz,اشواق عبدالعزيز,TRUE,,
Razan Abdullah,رزان عبدالله,FALSE,لا يملك,
Mueadh Alhamlan,معاذ الهملان,FALSE,لا يملك,
Meshary Alharbi,مشاري الحربي,TRUE,,
Ranoliza,msapb,FALSE,لا يملك,
Hawi Tech,هاوي تقنية,FALSE,لا يملك,
Moayed Altayeb,مؤيد الطيب,TRUE,,
Aliona W Yazn,اليونا ويزن,FALSE,لا يملك,
Shaden Alqhtani,شادن القحطاني,TRUE,,
Maryam Alaqili,مريم العقيلي,TRUE,,
Romesa,روميسا,TRUE,,
Turki Almousa,تركي الموسى,TRUE,,
Abdulrahman Bakash,عبدالرحمن بخش,TRUE,,
Model Nazli,مودل نازلي,FALSE,لا يملك\,
Abdullah Bakr,عبدالله بكر,FALSE,لا يملك,
Lamia Alqhtani,لمياء القحطاني,FALSE,لا يملك,
Nasser Alodah,ناصر العوده,TRUE,,
Daim Gaw,ديم القو,TRUE,,
Sara Bugnah,سارا بقنه,TRUE,,
Danah Alsairafi,دانه الصيرفي,FALSE,لا يملك,
Adham Abdulkarim,ادهم عبدالكريم,FALSE,لا يملك,
Noosa Shopping,نوسا شوبنق,FALSE,لا يملك,
Jeddah Times,جده تايمز,TRUE,,
Omar Alshehri,عمر الشهري,TRUE,,
Abdulaziz Bakr,عبدالعزيز بكر,TRUE,,
Mohammed Almulhim,محمد الملحم,TRUE,,
Wejdan Alsaleh,وجدان الصالح,FALSE,لايملك ,
Tariq Alawwad,طارق العواد,TRUE,,
Fahad Abdullah,فهد عبدالله,TRUE,,
Ahmad bin Sultan,احمد بن سلطان,TRUE,,
Absi,عبسي,TRUE,,
Leo,ليو,TRUE,,
Tamara Alharbi,تمارا الحربي,FALSE,لايملك,
Drra 6,Drra 6,TRUE,,
Abu Ham,ابو هام,TRUE,,
Abdulaziz bin Saeed,عبدالعزيز بن سعيد,FALSE,,
Abeer Alotaibi 2,عبير العتيبي 2,TRUE,,
Yassa,سامي الزهراني,TRUE,,
Ahmad Haneef,احمد حنيف,TRUE,,
Atheer Almogbel,Atheer Almogbel,TRUE,,
Shoroq Kitchen,شروق كتشن,TRUE,,
Faisal Almghlooth,فيصل المغلوث,FALSE,لايملك,
Mohammd Hassan,محمد حسان,TRUE,,
Basma Al-Rubaidi,بسمه الربيدي,TRUE,,
Hanan Aba Alkhail,حنان ابا الخيل,TRUE,,
Afnan Alsulaim,افنان السليم,FALSE,لا يملك,
lulu mulla,لولوه الملا,FALSE,لا يملك,
Meshal Alhmidany,مشعل الحميداني,FALSE,لا يملك,
AbdulIlah Almadani,عبدالاله المدني,TRUE,,
Miysa 1,ميساء,FALSE,لايملك,
Njoud Alrumaihi,نجود الرميحي,TRUE,,
Lujainglam,لجين الظفيري,FALSE,لا يملك,
Amy Roko,ايمي روكو,FALSE,لا يملك,
Samirah Alnassar,سميره النصار,FALSE,لا يملك,
Meshael Alshahai,مشاعل الشحي,FALSE,لا يملك,
Sara bint Abdulaziz,ساره بنت عبدالعزيز,TRUE,,
House Number 5,هاوس نمبر 5,TRUE,,
Bashaer Alhussaini,بشاير الحصيني,FALSE,لا يملك,
Reem Foodie,ريم فودي,TRUE,,
Anisah Qahwah,انسه قهوه,FALSE,لا يملك,
Ghadeer Almones,غدير المونس,FALSE,لا يملك,
Hadi Altasawuq Aldhaki,هادي التسوق الذكي,FALSE,لا يملك,
Lama Bloger,لمى بلوقر,TRUE,,
Sultan Alharthi,سلطان الحارثي,TRUE,,
Abody bad,عبودي باد,TRUE,,
Baleeqis Bandar,بلقيس بندر,TRUE,,
Mohammed Babtainn,محمد بابطين,TRUE,,
Rakan Alarifi,راكان العريفي,TRUE,,
Abu Turki,Abu Turki,TRUE,,
Haifa altuyan,هيفاء الطويان,TRUE,,
Jouman Kathem,جمان كاظم,FALSE,لايملك,
Lojain Omran,لجين عمران,FALSE,لايملك,
Nathalie Fanj,ناتالي فنج,FALSE,لايملك,
Neam Blksrah,نعم بالكسره,TRUE,,
Ahmed Aziz,احمد عزيز,TRUE,,
Norah Hady,نوره هادي,FALSE,لايملك,
Khalid Alotaibi,خالد العتيبي,TRUE,,
Abdulhakim Alkhliwi,عبدالحكيم الخليوي,TRUE,,
Az Bin Hijab,عز بن حجاب,TRUE,,
Muath Alqahtani,معاذ القحطاني,TRUE,,
Hyat Almshaheer,هيئة المشاهير,FALSE,,
Laila Abdullah,ليلى عبدالله,FALSE,لايملك,
Salha Alzhrani,صالحه الزهراني,FALSE,لايملك,
Abo Bader,ابو بدر,TRUE,,
Thonaian Khalid,ثنيان خالد,TRUE,,
Hala Abdullah,هلا عبدالله,TRUE,,تم
Abeer Alraisia,عبير الرئيسي,FALSE,لايملك,تم
Najla Alqasim,نجلاء القاسم,TRUE,,تم
Miss Nouran,نوران,TRUE,,تم
Bingo,بينقو,TRUE,,تم
Ahad Khalid,عهد خالد,TRUE,,تم
Lamia Ghaleb,لمياء غالب,FALSE,لايملك,تم
Abdulrahman klay,عبدالرحمن كلاي,TRUE,,تم
Meshal Alnami,مشعل النامي,TRUE,,تم
Foz Alshhri,فوز الشهري,TRUE,,تم
Ola Farhat,علا فرحات,FALSE,لايملك,تم
Ola and Beauty,علا والتجميل,FALSE,لايملك,تم
Yaqoub Bou Shehri,يعقوب بوشهري,TRUE,,تم
Mutlaq Alsultan,مطلق السلطان l مطلق الجبعاء,TRUE,,تم
Ahmed Sharif,احمد شريف,FALSE,لايملك,تم
Heba Alhussein,هبه الحسين,TRUE,,تم
Abdulkhaleq and Jana,عبدالخالق وجنى,TRUE,,تم
Abdulah Alanzi,عبدالله العنزي l عبدالله عتيق,TRUE,,تم
Safa Othmaan,صفاء عثمان,TRUE,,تم
Madeeha Ahmad,مديحه احمد,FALSE,لايملك,تم
Abeer Stop,عبير ستوب,TRUE,,تم
hadih alghalib,هاديه الغالب,FALSE,لايملك,تم
Bsmah Alkhriji,بسمه الخريجي,TRUE,,تم
Hala Dakhil,هالا دخيل,TRUE,,
Yasmin,ياسمين,TRUE,,
Randa Turkistani,رندا تركستاني,TRUE,,
Abdulsalam Mohammed,عبدالسلام محمد,TRUE,,
Atheer Alarifi,اثير العريفي,TRUE,,
Abdullah Alshahrani,عبدالله الشهراني,TRUE,,
Kholah Alhsan,خوله الحصان,TRUE,,
Maha Mix,مها مكس,TRUE,,
Noura bo awadh,نوره بوعوض,TRUE,,
Maryam Saied,مريم سعيد,TRUE,,
Hody,هودي,FALSE,لايملك ,
Abu Hessa,ابو حصه,TRUE,,
Alaa Alhakami,الاء الحكمي,TRUE,,
Memo kitchen,ميمو كيتشن,TRUE,,
Mero 2003,ميرو 2003,FALSE,لايملك,
Shahd Leo,شهد ليو,TRUE,,
Fatema Mohammed,فاطمه محمد,TRUE,,
Qmasha Abdulrahman,قماشه عبدالرحمن,TRUE,,
Tareq Alharbi,طارق الحربي,TRUE,,
Taqs Alsaudia,طقس السعوديه,FALSE,لايملك,
Khadejah Abdullah,خديجه بنت عبداللله,TRUE,,
Roh Jeddah,روح جده l صالحه الحربي,TRUE,,
Manal Aledwanii,منال العدواني,TRUE,,
Hassan Alsobhan,حسن الصبحان,TRUE,,
Faihan,فيحان l تركي المطيري,TRUE,,
Abdullah Alnughemshi,عبدالله النغيمشي,TRUE,,
Rawan Alamro,روان العمرو,TRUE,,
Ethar Areeshy,ايثار عريشي,TRUE,,
Lessa,ليسسا,TRUE,,
Entsar Alfozan,انتصار الفوزان,TRUE,,
Jamal Alnejadah,جمال النجاده,FALSE,لاميلك ,
Saad Almhashir,سعد المهاشير,TRUE,,
Maha Alsaiary,مها الصيعري,TRUE,,
Shaikah fashion,شيخه فاشن,TRUE,,
Lana Alfarraj,لانا الفراج,TRUE,,
Blogger Khalid,بلوقر خالد,TRUE,,
Lana Alaqeel,لانا ابو عقيل,FALSE,لايملك ,
Aboodka,عبودكا,FALSE,لايملك ,
Zaid Alsaleh,زايد الصالح,FALSE,لايملك ,
Haneen Alzahrani,حنين الزهراني,TRUE,,
Abdulmajeed Aljabr,عبد المجيد الجبر,TRUE,,
Ahmad Albargi,احمد البارقي,TRUE,,
Ryadh W Khalh Mery,رياض وخاله ميري,TRUE,,
Thahb Alsaudiah,ذهب السعوديه,TRUE,,
Omar Dallah,عمر دله,TRUE,تحت الاجراء ,
Fatin Abdulaziz,فاتن عبدالعزيز,TRUE,,
Alanoud Alyosef,العنود اليوسف,TRUE,,
Waad 1192,وعد 1192,FALSE,لايملك ,
Shosha Abdulaziz,شوشا عبدالعزيز,FALSE,لايملك ,
Ibrahim basha,ابراهيم باشا,TRUE,,
Eleen suliman,ايلين سليمان,TRUE,,
Naif Alsseyad,نيف,TRUE,يوجد على سناب و تيكتوك ,
Model Farah,مودل فرح,FALSE,لايوجد رخصه ,
Lama Saad,لمى سعد,TRUE,,
Atheer alhelwa & Hanan,اثير الحلوه وحنان,FALSE,لايوجد رخصه ,
Ahmad Almalki,احمد المالكي,TRUE,,
Juhayna Al Humaidan,جهينه الحميدان,TRUE,,
Abdullatif Ataalllah,عبداللطيف عطاء الله,TRUE,,
Khawlah Alanizi,خوله العنزي,FALSE,لايوجد رخصه ,
Sama Jaad,سما جاد,TRUE,786607,
Alamirah alshaybani,الاميره الشيباني,TRUE,,
Haifa shopping,هيفاء مدمنه تسوق,TRUE,على سناب فقط ,
Yoosha Abdulaziz,يوشا عبدالعزيز,TRUE,على سناب فقط ,
Abo Abed,ابو عابد,TRUE,,
Nouf fashion,نوف فاشن,TRUE,على السناب و الانستقرام ,
Shaghaf,شغف,TRUE,,
About Her,اباوت هير,TRUE,,
Aqeel Alraeesi,عقيل الرئيسي,FALSE,غير سعودي وغيرمقيم ,
Ahlam Altawil,احلام الطويل,FALSE,لايوجد رخصه ,
Shaila Sabt,شيلاء سبت,TRUE,,
Shimaa puierq,شيماء,TRUE,,
Aydh Alqrni,عايض القرني,TRUE,,
By Felwah,باي فلوه,TRUE,,
Enaya Iherb,عناية ايهيرب,TRUE,,
Fahad Albogami,فهد البقمي,TRUE,,
Zaid Alrmish,زايد الرميش,TRUE,على سناب فقط ,
Rakan Almisnid,راكان المسند,TRUE,على سناب فقط ,
Alhanouf Abdulaziz,الهنوف عبدالعزيز,TRUE,على سناب فقط ,
Jwaher Aldyabi,جواهر الذيابي,TRUE,,
Tghtyat Mrdhi,سناب جنوب جده l تغطيات مرضي,FALSE,لايوجد رخصه ,
Shougi,شوق,TRUE,,
Alaa Alnuman,الاء النعمان,TRUE,على سناب فقط ,
Ask Taif,اسال الطايف,TRUE,على سناب فقط ,
Life Jamal Jedah,لايف جمال جده,FALSE,لايوجد رخصه ,
Haya Alghammas,هيا الغماس,TRUE,على سناب فقط ,
Ameerah Alharbi,اميره الحربي,TRUE,,
Abdulah Alalawy,عبدالله العلاوي,TRUE,,
Abdulaziz Alkhudhery,عبدالعزيز الخضيري,TRUE,,
Barbie Weev,باربي ويف,TRUE,,
Maryam Meshal,مريم مشعل,TRUE,,
Saeedx,سعيد,TRUE,,
Aamer Aljmele,عامر الجمييلي,TRUE,,
Ward tamim,ورد تميم,TRUE,,
Sum Home,سميه الغلاف,FALSE,لايوجد رخصه ,
Fashion Celebs,خبيرة المظهر,FALSE,لايوجد رخصه ,
Ocmz,اوسمز,TRUE,,
Rehab Abdullah,رحاب عبدالله,TRUE,فقط على سناب ,
Elaf Alammar,ايلاف العمار,TRUE,,
Abu Saed,ابو سعيد,TRUE,,
Eisabah badr,عصابه بدر,FALSE,لايوجد رخصه ,
,,FALSE,,
Reefah Alsayeari,رفعه الصيعري,TRUE,,
Abdulaziz Faisal,عبدالعزيز فيصل,TRUE,,
Mashael Turki,مشاعل تركي,TRUE,,
Saudi habh,سعودي هبه,TRUE,,
Maya Bakhsh,مايا بخش,TRUE,,
Areej Alabdullah,اريج عبدالله,FALSE,حساب المعلن تحت الإجراء للتوثيق,
Um Khaled,ام خالد,TRUE,,
Bander Bin Mohammed,بندر بن محمد,TRUE,,
Omar Alrahbeeni,عمر الرهبيني,TRUE,,
Thamer Alsaleh,ثامر الصالح,TRUE,,
Bader Alotaibi,بدر العتيبي,FALSE,حساب المعلن تحت الإجراء للتوثيق,
Mohammed Alarfaj,محمد العرفج,FALSE,,
Yasmin Alkhawashki,ياسمين الخواشكي,TRUE,,
Naima Al-Moqbeli,نعيمه المقبلي,FALSE,لايوجد,
Ahlam Alshamsi,احلام الشامسي,FALSE,لايوجد,
Farah Alhumaidhi,فرح الحميضي,FALSE,لايوجد,
Model Hema,مودل هيما,TRUE,,
Asia Alshmmri,اسيا الشمري,FALSE,لايوجد,
Musab Almalki,مصعب المالكي,TRUE,,
Abo Kyan,ابو كيان,FALSE,لايوجد,
Abeer Almadhi,عبير الماضي,TRUE,على السناب فقط,
Abdulaziz Alazzam,عبدالعزيز العزام,FALSE,لايوجد,
Akhwan Lteefah,اخوان لطيفه,TRUE,,
Life Alanoud,العنود لايف,TRUE,,
Donaa Alhussain,دونا الحسين,TRUE,,
Lama Turki,لمى تركي,TRUE,,
Wojud aldakhil,وجود الدخيل,TRUE,,
Amen Alord,امين اللورد,FALSE,لايوجد,
Salha Alasiri,صالحة العسيري,TRUE,,
Abdulaziz Alrasheed,عبدالعزيز الرشيد,FALSE,لايوجد,
altaayif aghlaa,الطايف اغلى,TRUE,,
Nwera Blogar,نويرا بلوقر,TRUE,,
Shereen Alqhtani,شيرين القحطاني,TRUE,,
Mr Shanab,مستر شنب,TRUE,,
Nouf Alyahya,نوف اليحيى,TRUE,,
Oroob Alqassem,عروب القصيم,TRUE,,
Dode,دودي,FALSE,لايوجد,
Osama Dawood,اسامه داوود,FALSE,حساب المعلن تحت الإجراء للتوثيق,
Thameer Alfarshooti,ثامر الفرشوطي,TRUE,,
Mansour Alrokibah,منصور الرقيبه,FALSE,لايوجد,
Fighting,فايتنق,TRUE,,
Abdullah Bin Dafna,عبدالله بن دفنا,FALSE,لايوجد,
Hawi Atoor,هاوي عطور,TRUE,,
Hassan Ghoneim,حسن الغنيم,TRUE,,
Nora Alkhalifa,نوره الخليفه,TRUE,,
Mlk Ali,ملك علي,TRUE,,
Ahmed Almassari,احمد المسعري,TRUE,على سناب فقط,
Lobna Alkhamis,لبنى الخميس,FALSE,لايوجد,
Ghada Alshammri,غاده الشمري,TRUE,,
Arwa Nasser,اروى نصر,FALSE,لايوجد,
Karen Wazen,كارن وازن,FALSE,,
Abdulrahman nila,عبدالرحمن نيلا,TRUE,,
Remas Mansoor,ريماس منصور,FALSE,,
Bshayr Alqaasem,بشاير القاسم,TRUE,,
Mjrem Games,مجرم قيمز,FALSE,,
Enas Mansour,ايناس منصور,FALSE,,
Nurah Almdhyan,نوره المضيان,TRUE,,
Osama Alasiri,اسامه العسيري,FALSE,,
Khwlah,خوله,FALSE,,
Jawaher Mohamef,جواهر محمد,FALSE,,
Rayan Alfdhaei,ريان الفضائي l ريان الدوسري,FALSE,,
Meshal Alfadani,مشعل الفدعاني,TRUE,,
Salem Alqahtani,سالم القحطلني,TRUE,,
Rawan Mohamad,روان محمد,FALSE,,
alaa Saeed,علاء سعيد,TRUE,,
Daleen Abdulelah,دالين عبدالاله,FALSE,,
Farh Alfahd,فرح الفهد,FALSE,,
Faris Albashiri,فارس البشيري,TRUE,,
Reema om Youssef,ريما ام يوسف,TRUE,,
Ghaydaa Lebanon,غيداء لبنان,FALSE,,
Noofy Abdulrahman,نوفي عبدالرحمن,TRUE,,
Iman Bint Saud,ايمان بنت سعود,TRUE,,
Rajeh Alharthi,راجح الحارثي,TRUE,,
Bshayr Almutairy,بشاير المطيري,FALSE,,
Maha Abdullah,مها عبدالله,FALSE,,
Before and after,قبل و بعد,TRUE,,
Omar Abdulrahman,عمر عبدالرحمن,TRUE,,
Joury Almothna,جوري المثنى,FALSE,,
Nala,نالا,FALSE,تحت الاجراء,
Tareq Althbity,طارق الثبيتي,TRUE,,
Um Qahat,ام قحط,FALSE,,
Bluecrista,بلوقريستا,FALSE,,
Hassan bin Mahfouz,حسن بن محفوظ,TRUE,,
Waleed Alghaber,وليد الغابر,TRUE,,
Maya Ahmed,مايا احمد,FALSE,,
Noura Joubran,نوره جبران,TRUE,,
Hnadi Alkandri,هنادي الكندري,FALSE,,
Dalal Aldoub,دلال الدوب,FALSE,,
Shagaf Amal,شغف امل,TRUE,,
Rahaf Alenzi,رهف العنزي,FALSE,,
Amani Alajlan,اماني العجلان,TRUE,,
Louay Alshareef,لؤي الشريف,FALSE,,
Mansour Alsanouni,منصور الصعنوني,TRUE,,
Taghreed Altamimi,تغريد التميمي,TRUE,,
Eman Almutairi,ايمان المطيري,FALSE,,
Ibtihal Al-Shathri,ابتهال الشثري,TRUE,,
Dylar,دايلر | عبدالعزيز الدليجان,FALSE,تحت الاجراء,
Jojo,جوجو,FALSE,,
Layan Abdullah,ليان عبدالله l ليان ابو زيد,TRUE,,
Mada Alshammari,مدى الشمري,TRUE,,
Omar Almulhem,عمر الملحم,TRUE,,
Smeer Alharthi,سمير الحارثي,TRUE,,
Fares Ndheef,فارس نظيف,TRUE,,
Aziz,عزيز,FALSE,لا يوجد ترخيص,
Amal Alshahrani,امل الشهراني,FALSE,لا يوجد ترخيص,
Fathyah,فتحيه,FALSE,لا يوجد ترخيص,
Mohannad Hamdy,مهند الحمدي,FALSE,لا يوجد ترخيص,
Ibrahim Alrwili,ابراهيم الرويلي,TRUE,,
Sara Mohannad,ساره مهند,FALSE,تحت الاجراء,
Hanan Alnajadh,حنان النجاده,FALSE,لا يوجد ترخيص,
Andro,اندرو,FALSE,لا يوجد ترخيص,
Fawaz Alissa,فواز العيسى,FALSE,لا يوجد ترخيص,
Noura bin Saedan,نوره بن سعيدان,TRUE,,
Fancy Hyoona,فانسي هيونه,TRUE,,
Rania Fawaz,رانيا فواز,FALSE,لا يوجد ترخيص,
Rajaa Belmir,رجاء بلمير,FALSE,لا يوجد ترخيص,
Bo Omar Eats,ابو عمر ايتس,FALSE,لا يوجد ترخيص,
Anas Alghunaim,انس الغنيم,FALSE,لا يوجد ترخيص,
Bo Omar,ابو عمر,TRUE,,
Twins Hadban,توينز هضبان,FALSE,لا يوجد ترخيص,
Bader Alhnaky,بدر الحناكي,TRUE,,
Najla Al Abdullah,نجلاء العبدالله,FALSE,لايوجد ترخيص,
Sky,سكاي,FALSE,لايوجد ترخيص,
Asayel Aljuwaid,اصايل ال جويعد,FALSE,لايوجد ترخيص,
Om Laith,ام ليث,TRUE,,
Murtada Alnajm,مرتضى النجم,FALSE,لا يوجد ترخيص,
Salah Alghydan,صالح الغيدان,TRUE,,
Ward Altaif,ورد الطايف,FALSE,لا يوجد موثوق,
Waleed Almutairi,وليد المطيري,TRUE,,
Maryam Nasser,مريم ناصر,FALSE,تحت الاجراء,
Nemr Alhsoon,نمر الحسون,TRUE,فقط تيك توك,
Fatema Abdulaziz,فاطه عبدالعزيز,FALSE,لا يوجد ترخيص,
Abdurhman abo Znadh,عبدالرحمن ابو زناده,TRUE,,
Reem Alshuqardia,ريم الشقرديه,FALSE,لا يوجد ترخيص ,
Lubna,لبنى,FALSE,لا يوجد ترخيص ,
Reem Brady,ريم بريدي,FALSE,لا يوجد ترخيص ,
Muhannad Alshammry,مهند الشمري,TRUE,,
Osama Pro,اسامه برو,FALSE,لا يوجد ترخيص,
Maram Albolushi,مرام البلوشي,FALSE,لا يوجد ترخيص,
Chef Shaheen,شيف شاهين,FALSE,لا يوجد ترخيص,
Hyat Almshaheer KW,هيئة المشاهير KW,FALSE,لا يوجد ترخيص,
Ziad Alamri,زياد العمري,TRUE,,
hattan,هتان,TRUE,,
Ahmad Aljabreen,احمد الجبرين,FALSE,تحت الاجراء,
Shoug Alhady,شوق الهادي,FALSE,لا يوجد رخصة موثوق,
Elham Ali,الهام علي,TRUE,,
Norah Alsalem,نوره السالم,TRUE,,
Shimi,شيمي,TRUE,,
Yossef Aldossary,يوسف الدوسري,FALSE,لا يوجد رخصة ,
Rashid Alanzi,راشد العنزي,FALSE,لا يوجد رخصة ,
Moath Abdulrahman,معاذ عبدالرحمن,TRUE,,
Athari Salih,عذاري صالح,TRUE,,
Moshaya Alghamdi,مشيع الغامدي,FALSE,لا يوجد رخصة ,
abas,عباس,TRUE,,
Mohammed Alroqi,محمد الروقي,TRUE,,
Ali Alsaif,علي السيف,FALSE,تحت الاجراء,
Hani Halawani,هاني حلواني,TRUE,,
Ahmed Aljar,احمد الجار,TRUE,,
Fouad,فؤاد,TRUE,,
Miuosh,ميوش,TRUE,,
Mansour Ash,منصور اش,TRUE,,
Lujain Blogger,لجين بلوقر,TRUE,,
Ahmad Alamer,احمد العامر,TRUE,,
Moayed Althagafi,مؤيد الثقفي,TRUE,,
Abdulrahman Almutairi,عبدالرحمن المطيري,FALSE, تحت الإجراء للتوثيق على سناب ,
osama alsharif,اسامه الشريف,TRUE,,